{"cameraMode":{"drawMode":0,"name":"Shaded","section":"Shading Mode"},"sceneLighting":false,"audioPlay":false,"sceneViewState":{"m_AlwaysRefresh":false,"showFog":true,"showSkybox":false,"showFlares":true,"showImageEffects":true,"showParticleSystems":true,"showVisualEffectGraphs":true,"m_FxEnabled":true},"in2DMode":false,"pivot":{"x":1.3129839897155762,"y":2.3199431896209719,"z":0.35944390296936037},"rotation":{"x":-0.0036006709560751917,"y":0.028495976701378824,"z":0.00010265453602187335,"w":0.9995877742767334},"size":5.722861289978027,"orthographic":false}